{
    "name": "root",
    "gauges": {
        "Jumper.Policy.Entropy.mean": {
            "value": 0.0014574893284589052,
            "min": 0.0014574893284589052,
            "max": 0.002117190044373274,
            "count": 5
        },
        "Jumper.Policy.Entropy.sum": {
            "value": 2.916436195373535,
            "min": 1.2733858823776245,
            "max": 4.236497402191162,
            "count": 5
        },
        "Jumper.Step.mean": {
            "value": 1791999.0,
            "min": 1783998.0,
            "max": 1791999.0,
            "count": 5
        },
        "Jumper.Step.sum": {
            "value": 1791999.0,
            "min": 1783998.0,
            "max": 1791999.0,
            "count": 5
        },
        "Jumper.Policy.ExtrinsicValueEstimate.mean": {
            "value": -0.010639820247888565,
            "min": -0.024962255731225014,
            "max": 0.16501441597938538,
            "count": 5
        },
        "Jumper.Policy.ExtrinsicValueEstimate.sum": {
            "value": -7.096759796142578,
            "min": -16.624862670898438,
            "max": 38.77838897705078,
            "count": 5
        },
        "Jumper.Losses.PolicyLoss.mean": {
            "value": 0.13717048854838748,
            "min": 0.13324691136949696,
            "max": 0.13717048854838748,
            "count": 5
        },
        "Jumper.Losses.PolicyLoss.sum": {
            "value": 1.0973639083870999,
            "min": 0.26874013369282085,
            "max": 1.0973639083870999,
            "count": 5
        },
        "Jumper.Losses.ValueLoss.mean": {
            "value": 0.024746559775849164,
            "min": 0.02020721309751631,
            "max": 0.03519688188256017,
            "count": 5
        },
        "Jumper.Losses.ValueLoss.sum": {
            "value": 0.1979724782067933,
            "min": 0.07039376376512034,
            "max": 0.1979724782067933,
            "count": 5
        },
        "Jumper.Policy.LearningRate.mean": {
            "value": 6.418195581808e-05,
            "min": 6.418195581808e-05,
            "max": 6.43264356736e-05,
            "count": 5
        },
        "Jumper.Policy.LearningRate.sum": {
            "value": 0.00051345564654464,
            "min": 0.0001286528713472,
            "max": 0.0005144050855952,
            "count": 5
        },
        "Jumper.Policy.Epsilon.mean": {
            "value": 0.16418192,
            "min": 0.16418192,
            "max": 0.1643264,
            "count": 5
        },
        "Jumper.Policy.Epsilon.sum": {
            "value": 1.31345536,
            "min": 0.3286528,
            "max": 1.3144048000000002,
            "count": 5
        },
        "Jumper.Policy.Beta.mean": {
            "value": 0.0032126778080000004,
            "min": 0.0032126778080000004,
            "max": 0.00321988736,
            "count": 5
        },
        "Jumper.Policy.Beta.sum": {
            "value": 0.025701422464000003,
            "min": 0.00643977472,
            "max": 0.025748799520000004,
            "count": 5
        },
        "Jumper.IsTraining.mean": {
            "value": 1.0,
            "min": 1.0,
            "max": 1.0,
            "count": 5
        },
        "Jumper.IsTraining.sum": {
            "value": 1.0,
            "min": 1.0,
            "max": 1.0,
            "count": 5
        }
    },
    "metadata": {
        "timer_format_version": "0.1.0",
        "start_time_seconds": "1639087681",
        "python_version": "3.9.7 (default, Sep 16 2021, 16:59:28) [MSC v.1916 64 bit (AMD64)]",
        "command_line_arguments": "C:\\Users\\s112883\\Anaconda3\\envs\\unity_rl\\Scripts\\mlagents-learn Jumper.yaml --run-id=Jumper3 --time-scale=1 --quality-level=0 --resume",
        "mlagents_version": "0.27.0",
        "mlagents_envs_version": "0.27.0",
        "communication_protocol_version": "1.5.0",
        "pytorch_version": "1.10.0",
        "numpy_version": "1.21.2",
        "end_time_seconds": "1639087922"
    },
    "total": 240.4293561,
    "count": 1,
    "self": 0.0063150999999948,
    "children": {
        "run_training.setup": {
            "total": 0.12257739999999995,
            "count": 1,
            "self": 0.12257739999999995
        },
        "TrainerController.start_learning": {
            "total": 240.3004636,
            "count": 1,
            "self": 0.24786340000042628,
            "children": {
                "TrainerController._reset_env": {
                    "total": 9.524696599999999,
                    "count": 1,
                    "self": 9.524696599999999
                },
                "TrainerController.advance": {
                    "total": 230.40965649999956,
                    "count": 10236,
                    "self": 0.12207840000030501,
                    "children": {
                        "env_step": {
                            "total": 230.28757809999925,
                            "count": 10236,
                            "self": 203.81475459999936,
                            "children": {
                                "SubprocessEnvManager._take_step": {
                                    "total": 26.345166200000104,
                                    "count": 10236,
                                    "self": 0.5033674999999356,
                                    "children": {
                                        "TorchPolicy.evaluate": {
                                            "total": 25.84179870000017,
                                            "count": 10236,
                                            "self": 8.944823500000219,
                                            "children": {
                                                "TorchPolicy.sample_actions": {
                                                    "total": 16.89697519999995,
                                                    "count": 10236,
                                                    "self": 16.89697519999995
                                                }
                                            }
                                        }
                                    }
                                },
                                "workers": {
                                    "total": 0.1276572999997878,
                                    "count": 10235,
                                    "self": 0.0,
                                    "children": {
                                        "worker_root": {
                                            "total": 234.2339990999985,
                                            "count": 10235,
                                            "is_parallel": true,
                                            "self": 40.23223959999845,
                                            "children": {
                                                "steps_from_proto": {
                                                    "total": 0.0003811999999996374,
                                                    "count": 1,
                                                    "is_parallel": true,
                                                    "self": 0.0001871999999991658,
                                                    "children": {
                                                        "_process_rank_one_or_two_observation": {
                                                            "total": 0.00019400000000047157,
                                                            "count": 4,
                                                            "is_parallel": true,
                                                            "self": 0.00019400000000047157
                                                        }
                                                    }
                                                },