{
    "name": "root",
    "gauges": {
        "Jumper.Policy.Entropy.mean": {
            "value": 0.01843741536140442,
            "min": 0.01843741536140442,
            "max": 0.01843741536140442,
            "count": 1
        },
        "Jumper.Policy.Entropy.sum": {
            "value": 10.398702621459961,
            "min": 10.398702621459961,
            "max": 10.398702621459961,
            "count": 1
        },
        "Jumper.Step.mean": {
            "value": 223998.0,
            "min": 223998.0,
            "max": 223998.0,
            "count": 1
        },
        "Jumper.Step.sum": {
            "value": 223998.0,
            "min": 223998.0,
            "max": 223998.0,
            "count": 1
        },
        "Jumper.Policy.ExtrinsicValueEstimate.mean": {
            "value": -0.08940517902374268,
            "min": -0.08940517902374268,
            "max": -0.08940517902374268,
            "count": 1
        },
        "Jumper.Policy.ExtrinsicValueEstimate.sum": {
            "value": -16.718769073486328,
            "min": -16.718769073486328,
            "max": -16.718769073486328,
            "count": 1
        },
        "Jumper.Losses.PolicyLoss.mean": {
            "value": 0.12970081343276738,
            "min": 0.12970081343276738,
            "max": 0.12970081343276738,
            "count": 1
        },
        "Jumper.Losses.PolicyLoss.sum": {
            "value": 0.25940162686553475,
            "min": 0.25940162686553475,
            "max": 0.25940162686553475,
            "count": 1
        },
        "Jumper.Losses.ValueLoss.mean": {
            "value": 0.011133755072629963,
            "min": 0.011133755072629963,
            "max": 0.011133755072629963,
            "count": 1
        },
        "Jumper.Losses.ValueLoss.sum": {
            "value": 0.022267510145259926,
            "min": 0.022267510145259926,
            "max": 0.022267510145259926,
            "count": 1
        },
        "Jumper.Policy.LearningRate.mean": {
            "value": 5.523524476480001e-05,
            "min": 5.523524476480001e-05,
            "max": 5.523524476480001e-05,
            "count": 1
        },
        "Jumper.Policy.LearningRate.sum": {
            "value": 0.00011047048952960002,
            "min": 0.00011047048952960002,
            "max": 0.00011047048952960002,
            "count": 1
        },
        "Jumper.Policy.Epsilon.mean": {
            "value": 0.15523520000000002,
            "min": 0.15523520000000002,
            "max": 0.15523520000000002,
            "count": 1
        },
        "Jumper.Policy.Epsilon.sum": {
            "value": 0.31047040000000004,
            "min": 0.31047040000000004,
            "max": 0.31047040000000004,
            "count": 1
        },
        "Jumper.Policy.Beta.mean": {
            "value": 0.0027662364800000003,
            "min": 0.0027662364800000003,
            "max": 0.0027662364800000003,
            "count": 1
        },
        "Jumper.Policy.Beta.sum": {
            "value": 0.005532472960000001,
            "min": 0.005532472960000001,
            "max": 0.005532472960000001,
            "count": 1
        },
        "Jumper.IsTraining.mean": {
            "value": 1.0,
            "min": 1.0,
            "max": 1.0,
            "count": 1
        },
        "Jumper.IsTraining.sum": {
            "value": 1.0,
            "min": 1.0,
            "max": 1.0,
            "count": 1
        }
    },
    "metadata": {
        "timer_format_version": "0.1.0",
        "start_time_seconds": "1639066796",
        "python_version": "3.9.7 (default, Sep 16 2021, 16:59:28) [MSC v.1916 64 bit (AMD64)]",
        "command_line_arguments": "C:\\Users\\s112883\\Anaconda3\\envs\\unity_rl\\Scripts\\mlagents-learn Jumper.yaml --run-id=Jumper2 --time-scale=1 --resume",
        "mlagents_version": "0.27.0",
        "mlagents_envs_version": "0.27.0",
        "communication_protocol_version": "1.5.0",
        "pytorch_version": "1.10.0",
        "numpy_version": "1.21.2",
        "end_time_seconds": "1639066838"
    },
    "total": 41.7165048,
    "count": 1,
    "self": 0.006870499999998003,
    "children": {
        "run_training.setup": {
            "total": 0.11404980000000009,
            "count": 1,
            "self": 0.11404980000000009
        },
        "TrainerController.start_learning": {
            "total": 41.5955845,
            "count": 1,
            "self": 0.0621512999999112,
            "children": {
                "TrainerController._reset_env": {
                    "total": 6.9412832,
                    "count": 1,
                    "self": 6.9412832
                },
                "TrainerController.advance": {
                    "total": 34.487609100000086,
                    "count": 2349,
                    "self": 0.026678199999992103,
                    "children": {
                        "env_step": {
                            "total": 34.46093090000009,
                            "count": 2349,
                            "self": 28.480522400000055,
                            "children": {
                                "SubprocessEnvManager._take_step": {
                                    "total": 5.9539362000000615,
                                    "count": 2349,
                                    "self": 0.10447180000010903,
                                    "children": {
                                        "TorchPolicy.evaluate": {
                                            "total": 5.8494643999999525,
                                            "count": 2349,
                                            "self": 1.8849931999999043,
                                            "children": {
                                                "TorchPolicy.sample_actions": {
                                                    "total": 3.964471200000048,
                                                    "count": 2349,
                                                    "self": 3.964471200000048
                                                }
                                            }
                                        }
                                    }
                                },
                                "workers": {
                                    "total": 0.026472299999978688,
                                    "count": 2348,
                                    "self": 0.0,
                                    "children": {
                                        "worker_root": {
                                            "total": 38.22213929999993,
                                            "count": 2348,
                                            "is_parallel": true,
                                            "self": 11.931542199999893,
                                            "children": {
                                                "steps_from_proto": {
                                                    "total": 0.0003967000000000276,
                                                    "count": 1,
                                                    "is_parallel": true,
                                                    "self": 0.00018729999999989033,
                                                    "children": {
                                                        "_process_rank_one_or_two_observation": {
                                                            "total": 0.00020940000000013725,
                                                            "count": 4,
                                                            "is_parallel": true,
                                                            "self": 0.00020940000000013725
                                                        }
                                                    }
                                                },