{
    "name": "root",
    "gauges": {
        "Jumper.Policy.Entropy.mean": {
            "value": 0.07031092047691345,
            "min": 0.0660451129078865,
            "max": 0.1111862063407898,
            "count": 21
        },
        "Jumper.Policy.Entropy.sum": {
            "value": 141.043701171875,
            "min": 62.904541015625,
            "max": 222.59478759765625,
            "count": 21
        },
        "Jumper.Step.mean": {
            "value": 49998.0,
            "min": 9999.0,
            "max": 49998.0,
            "count": 21
        },
        "Jumper.Step.sum": {
            "value": 49998.0,
            "min": 9999.0,
            "max": 49998.0,
            "count": 21
        },
        "Jumper.Policy.ExtrinsicValueEstimate.mean": {
            "value": 0.04367459565401077,
            "min": -0.1532120257616043,
            "max": 0.0688847079873085,
            "count": 21
        },
        "Jumper.Policy.ExtrinsicValueEstimate.sum": {
            "value": 29.13095474243164,
            "min": -28.191011428833008,
            "max": 45.94609832763672,
            "count": 21
        },
        "Jumper.Losses.PolicyLoss.mean": {
            "value": 0.12132186645370285,
            "min": 0.11458276797202416,
            "max": 0.14173553008004092,
            "count": 21
        },
        "Jumper.Losses.PolicyLoss.sum": {
            "value": 0.9705749316296228,
            "min": 0.22916553594404832,
            "max": 1.1338842406403273,
            "count": 21
        },
        "Jumper.Losses.ValueLoss.mean": {
            "value": 0.043848126116169325,
            "min": 0.033108398142455066,
            "max": 0.04956276201082367,
            "count": 21
        },
        "Jumper.Losses.ValueLoss.sum": {
            "value": 0.3507850089293546,
            "min": 0.06621679628491013,
            "max": 0.38622442377489585,
            "count": 21
        },
        "Jumper.Policy.LearningRate.mean": {
            "value": 5.700098100000005e-06,
            "min": 5.700098100000005e-06,
            "max": 0.00024099601966800002,
            "count": 21
        },
        "Jumper.Policy.LearningRate.sum": {
            "value": 4.560078480000004e-05,
            "min": 4.560078480000004e-05,
            "max": 0.00177936020688,
            "count": 21
        },
        "Jumper.Policy.Epsilon.mean": {
            "value": 0.10190000000000002,
            "min": 0.10190000000000002,
            "max": 0.180332,
            "count": 21
        },
        "Jumper.Policy.Epsilon.sum": {
            "value": 0.8152000000000001,
            "min": 0.360664,
            "max": 1.3931200000000001,
            "count": 21
        },
        "Jumper.Policy.Beta.mean": {
            "value": 0.00010481000000000009,
            "min": 0.00010481000000000009,
            "max": 0.0040185668,
            "count": 21
        },
        "Jumper.Policy.Beta.sum": {
            "value": 0.0008384800000000007,
            "min": 0.0008384800000000007,
            "max": 0.029676688,
            "count": 21
        },
        "Jumper.IsTraining.mean": {
            "value": 1.0,
            "min": 1.0,
            "max": 1.0,
            "count": 21
        },
        "Jumper.IsTraining.sum": {
            "value": 1.0,
            "min": 1.0,
            "max": 1.0,
            "count": 21
        }
    },
    "metadata": {
        "timer_format_version": "0.1.0",
        "start_time_seconds": "1639063885",
        "python_version": "3.9.7 (default, Sep 16 2021, 16:59:28) [MSC v.1916 64 bit (AMD64)]",
        "command_line_arguments": "C:\\Users\\s112883\\Anaconda3\\envs\\unity_rl\\Scripts\\mlagents-learn Jumper.yaml --run-id=Jumper2 --resume",
        "mlagents_version": "0.27.0",
        "mlagents_envs_version": "0.27.0",
        "communication_protocol_version": "1.5.0",
        "pytorch_version": "1.10.0",
        "numpy_version": "1.21.2",
        "end_time_seconds": "1639064229"
    },
    "total": 344.216277,
    "count": 1,
    "self": 0.0074313999999731095,
    "children": {
        "run_training.setup": {
            "total": 0.11936300000000011,
            "count": 1,
            "self": 0.11936300000000011
        },
        "TrainerController.start_learning": {
            "total": 344.0894826,
            "count": 1,
            "self": 0.9933037000034233,
            "children": {
                "TrainerController._reset_env": {
                    "total": 8.7472163,
                    "count": 1,
                    "self": 8.7472163
                },
                "TrainerController.advance": {
                    "total": 334.2426352999966,
                    "count": 40560,
                    "self": 0.4741000999982248,
                    "children": {
                        "env_step": {
                            "total": 333.7685351999984,
                            "count": 40560,
                            "self": 216.57864460000468,
                            "children": {
                                "SubprocessEnvManager._take_step": {
                                    "total": 116.66085229999405,
                                    "count": 40560,
                                    "self": 2.051037999993312,
                                    "children": {
                                        "TorchPolicy.evaluate": {
                                            "total": 114.60981430000074,
                                            "count": 40560,
                                            "self": 36.21548360000108,
                                            "children": {
                                                "TorchPolicy.sample_actions": {
                                                    "total": 78.39433069999966,
                                                    "count": 40560,
                                                    "self": 78.39433069999966
                                                }
                                            }
                                        }
                                    }
                                },
                                "workers": {
                                    "total": 0.5290382999996677,
                                    "count": 40560,
                                    "self": 0.0,
                                    "children": {
                                        "worker_root": {
                                            "total": 337.9364097999982,
                                            "count": 40560,
                                            "is_parallel": true,
                                            "self": 162.48402650000216,
                                            "children": {
                                                "steps_from_proto": {
                                                    "total": 0.00043910000000035865,
                                                    "count": 1,
                                                    "is_parallel": true,
                                                    "self": 0.0002347000000000321,
                                                    "children": {
                                                        "_process_rank_one_or_two_observation": {
                                                            "total": 0.00020440000000032654,
                                                            "count": 4,
                                                            "is_parallel": true,
                                                            "self": 0.00020440000000032654
                                                        }
                                                    }
                                                },